id,descripcion,tipo,clasificacion,tipo_red,jurisdiccion,geojson,geom
18077102,Punto de Conex. Cruz,ACRZ,S,AT Geografico,ESCOBAR                                                                                                                                              ,"{""type"":""Point"",""coordinates"":[-58.7545989374021,-34.3765240943011]}",0101000020E610000082DEAEB296604DC0F69607F1313041C0
18077109,Punto de Conex. Cruz,ACRZ,S,AT Geografico,ESCOBAR                                                                                                                                              ,"{""type"":""Point"",""coordinates"":[-58.7551025174439,-34.375880923853]}",0101000020E610000045C60433A7604DC0C491B9DD1C3041C0
18077302,Punto de Conex. Cruz,ACRZ,S,AT Geografico,MERLO                                                                                                                                                ,"{""type"":""Point"",""coordinates"":[-58.7232058881086,-34.7327900111511]}",0101000020E6100000B7D9B202925C4DC0625D2610CC5D41C0
19381111,Punto de Conex. Cruz,ACRZ,S,AT Geografico,LAMATANZA                                                                                                                                            ,"{""type"":""Point"",""coordinates"":[-58.6840803240741,-34.877758233222]}",0101000020E610000026DEADF18F574DC0D8BDBC615A7041C0
27325169,Punto de Conex. Cruz,ACRZ,S,AT Geografico,JOSECPAZ                                                                                                                                             ,"{""type"":""Point"",""coordinates"":[-58.7649778967247,-34.5417550918432]}",0101000020E6100000384CB4CBEA614DC041F4183B584541C0
27358587,Punto de Conex. Cruz,ACRZ,S,AT Geografico,JOSECPAZ                                                                                                                                             ,"{""type"":""Point"",""coordinates"":[-58.7651571610208,-34.5416291452169]}",0101000020E610000032717BABF0614DC02FA2941A544541C0
27471115,Punto de Conex. Cruz,ACRZ,S,AT Geografico,MERLO                                                                                                                                                ,"{""type"":""Point"",""coordinates"":[-58.7400408225219,-34.6688622356369]}",0101000020E6100000E1375DA8B95E4DC07ECB19479D5541C0
27474508,Punto de Conex. Cruz,ACRZ,S,AT Geografico,MERLO                                                                                                                                                ,"{""type"":""Point"",""coordinates"":[-58.7341726721122,-34.666181666943]}",0101000020E61000005D2BC05EF95D4DC0825BDC70455541C0
27474509,Punto de Conex. Cruz,ACRZ,S,AT Geografico,MERLO                                                                                                                                                ,"{""type"":""Point"",""coordinates"":[-58.7353428460793,-34.6637631399969]}",0101000020E610000008A1E1B61F5E4DC0DB49C930F65441C0
27474512,Punto de Conex. Cruz,ACRZ,S,AT Geografico,MERLO                                                                                                                                                ,"{""type"":""Point"",""coordinates"":[-58.7158982747268,-34.6529448219165]}",0101000020E6100000769BFE8DA25B4DC0A91C28B2935341C0
27474514,Punto de Conex. Cruz,ACRZ,S,AT Geografico,MERLO                                                                                                                                                ,"{""type"":""Point"",""coordinates"":[-58.7120442860345,-34.6490217489423]}",0101000020E61000002DE96444245B4DC0CF0C0925135341C0
27474516,Punto de Conex. Cruz,ACRZ,S,AT Geografico,ITUZAINGO                                                                                                                                            ,"{""type"":""Point"",""coordinates"":[-58.6781209448587,-34.6330995504326]}",0101000020E61000005173C8AACC564DC0311CF467095141C0
27474517,Punto de Conex. Cruz,ACRZ,S,AT Geografico,ITUZAINGO                                                                                                                                            ,"{""type"":""Point"",""coordinates"":[-58.6744946220454,-34.6359271095701]}",0101000020E6100000AC81FBD655564DC02D1F3D0F665141C0
27499316,Punto de Conex. Cruz,ACRZ,S,AT Geografico,MERLO                                                                                                                                                ,"{""type"":""Point"",""coordinates"":[-58.7405405345991,-34.6654227297847]}",0101000020E610000095BB4008CA5E4DC057386F922C5541C0
27499320,Punto de Conex. Cruz,ACRZ,S,AT Geografico,MERLO                                                                                                                                                ,"{""type"":""Point"",""coordinates"":[-58.7228429136361,-34.6506843447373]}",0101000020E61000002B1BD91D865C4DC04055E69F495341C0
27988042,Punto de Conex. Cruz,ACRZ,S,AT Geografico,TIGRE                                                                                                                                                ,"{""type"":""Point"",""coordinates"":[-58.5825470198228,-34.4332703094342]}",0101000020E6100000B84297E6904A4DC088ACC866753741C0
27988045,Punto de Conex. Cruz,ACRZ,S,AT Geografico,TIGRE                                                                                                                                                ,"{""type"":""Point"",""coordinates"":[-58.5822151983978,-34.4284681890703]}",0101000020E61000002C2D1207864A4DC071B7AD0BD83641C0
28025898,Punto de Conex. Cruz,ACRZ,S,AT Geografico,PILAR                                                                                                                                                ,"{""type"":""Point"",""coordinates"":[-58.7781822799623,-34.442146549489]}",0101000020E6100000E261197A9B634DC0190C1542983841C0
28025900,Punto de Conex. Cruz,ACRZ,S,AT Geografico,PILAR                                                                                                                                                ,"{""type"":""Point"",""coordinates"":[-58.7667466327023,-34.4568503018529]}",0101000020E61000001EE3EFC024624DC01ED018127A3A41C0
28025901,Punto de Conex. Cruz,ACRZ,S,AT Geografico,MALVINASARGENTINAS                                                                                                                                   ,"{""type"":""Point"",""coordinates"":[-58.7561732017672,-34.4690806065052]}",0101000020E6100000D5D99148CA604DC0551054D50A3C41C0
28025904,Punto de Conex. Cruz,ACRZ,S,AT Geografico,PILAR                                                                                                                                                ,"{""type"":""Point"",""coordinates"":[-58.771626273763,-34.4549837012855]}",0101000020E6100000F14555A6C4624DC0FE9DEAE73C3A41C0
28025905,Punto de Conex. Cruz,ACRZ,S,AT Geografico,PILAR                                                                                                                                                ,"{""type"":""Point"",""coordinates"":[-58.7697854298499,-34.457432970492]}",0101000020E61000004512375488624DC00430E0298D3A41C0
28025907,Punto de Conex. Cruz,ACRZ,S,AT Geografico,MALVINASARGENTINAS                                                                                                                                   ,"{""type"":""Point"",""coordinates"":[-58.7542273357772,-34.4791239755542]}",0101000020E6100000C07476858A604DC009DE36EF533D41C0
28025908,Punto de Conex. Cruz,ACRZ,S,AT Geografico,MALVINASARGENTINAS                                                                                                                                   ,"{""type"":""Point"",""coordinates"":[-58.7490367468907,-34.4763638734873]}",0101000020E6100000E4B2A56FE05F4DC0D3CFCC7DF93C41C0
28085063,Punto de Conex. Cruz,ACRZ,S,AT Geografico,MALVINASARGENTINAS                                                                                                                                   ,"{""type"":""Point"",""coordinates"":[-58.7301722299036,-34.5015786221797]}",0101000020E610000012F19B48765D4DC03B5171BA334041C0
28085064,Punto de Conex. Cruz,ACRZ,S,AT Geografico,MALVINASARGENTINAS                                                                                                                                   ,"{""type"":""Point"",""coordinates"":[-58.7254580631106,-34.5075662071459]}",0101000020E6100000FAD64FCFDB5C4DC0841FF2EDF74041C0
28116277,Punto de Conex. Cruz,ACRZ,S,AT Geografico,PILAR                                                                                                                                                ,"{""type"":""Point"",""coordinates"":[-58.7801836885322,-34.4638758345845]}",0101000020E61000002C8F210FDD634DC0FE788948603B41C0
28116681,Punto de Conex. Cruz,ACRZ,S,AT Geografico,PILAR                                                                                                                                                ,"{""type"":""Point"",""coordinates"":[-58.778681130563,-34.4586954515481]}",0101000020E6100000E9E3C2D2AB634DC0909C5588B63A41C0
28116682,Punto de Conex. Cruz,ACRZ,S,AT Geografico,PILAR                                                                                                                                                ,"{""type"":""Point"",""coordinates"":[-58.7762596040302,-34.4617634005647]}",0101000020E6100000FF4186795C634DC020F527101B3B41C0
28206703,Punto de Conex. Cruz,ACRZ,S,AT Geografico,LAMATANZA                                                                                                                                            ,"{""type"":""Point"",""coordinates"":[-58.6052773206326,-34.7708066692905]}",0101000020E61000004E902CBA794D4DC01612FECAA96241C0
28206704,Punto de Conex. Cruz,ACRZ,S,AT Geografico,LAMATANZA                                                                                                                                            ,"{""type"":""Point"",""coordinates"":[-58.5748964839192,-34.7008023383802]}",0101000020E610000054823E3596494DC0CC261AE4B35941C0
28206705,Punto de Conex. Cruz,ACRZ,S,AT Geografico,LAMATANZA                                                                                                                                            ,"{""type"":""Point"",""coordinates"":[-58.5767662720478,-34.7024959618227]}",0101000020E6100000C7F0297AD3494DC0E0CC3E63EB5941C0
28206706,Punto de Conex. Cruz,ACRZ,S,AT Geografico,LAMATANZA                                                                                                                                            ,"{""type"":""Point"",""coordinates"":[-58.5791791732337,-34.7007410634463]}",0101000020E61000000DC80B8B224A4DC0A83B17E2B15941C0
28206707,Punto de Conex. Cruz,ACRZ,S,AT Geografico,LAMATANZA                                                                                                                                            ,"{""type"":""Point"",""coordinates"":[-58.6273395424338,-34.7811399839879]}",0101000020E6100000CF1E81A94C504DC0B6691E65FC6341C0
28266974,Punto de Conex. Cruz,ACRZ,S,AT Geografico,LAMATANZA                                                                                                                                            ,"{""type"":""Point"",""coordinates"":[-58.6312403259454,-34.7829915684304]}",0101000020E610000009EDA57BCC504DC0EBB95511396441C0
28271260,Punto de Conex. Cruz,ACRZ,S,AT Geografico,LAMATANZA                                                                                                                                            ,"{""type"":""Point"",""coordinates"":[-58.6379091347105,-34.7915631797966]}",0101000020E61000005FB3AB01A7514DC0D7F838F1516541C0
28275083,Punto de Conex. Cruz,ACRZ,S,AT Geografico,LAMATANZA                                                                                                                                            ,"{""type"":""Point"",""coordinates"":[-58.7204413369143,-34.8492127701945]}",0101000020E6100000E55DF66B375C4DC061AA0901B36C41C0
28275084,Punto de Conex. Cruz,ACRZ,S,AT Geografico,LAMATANZA                                                                                                                                            ,"{""type"":""Point"",""coordinates"":[-58.7244760028828,-34.8526486284585]}",0101000020E6100000248F31A1BB5C4DC0B61A1B97236D41C0
28280939,Punto de Conex. Cruz,ACRZ,S,AT Geografico,LAMATANZA                                                                                                                                            ,"{""type"":""Point"",""coordinates"":[-58.7006443185599,-34.870436399048]}",0101000020E6100000E62B89B6AE594DC06094BD756A6F41C0
28281258,Punto de Conex. Cruz,ACRZ,S,AT Geografico,LAMATANZA                                                                                                                                            ,"{""type"":""Point"",""coordinates"":[-58.7046783550919,-34.862010512249]}",0101000020E6100000CDA87CE6325A4DC07675475C566E41C0
28281259,Punto de Conex. Cruz,ACRZ,S,AT Geografico,LAMATANZA                                                                                                                                            ,"{""type"":""Point"",""coordinates"":[-58.6994336568288,-34.8694080777813]}",0101000020E610000099E6C40A87594DC07C798EC3486F41C0
28281260,Punto de Conex. Cruz,ACRZ,S,AT Geografico,LAMATANZA                                                                                                                                            ,"{""type"":""Point"",""coordinates"":[-58.6944017890347,-34.8734487149862]}",0101000020E61000000B186728E2584DC0A5CCE02ACD6F41C0
28281309,Punto de Conex. Cruz,ACRZ,S,AT Geografico,LAMATANZA                                                                                                                                            ,"{""type"":""Point"",""coordinates"":[-58.7042740428305,-34.861843810893]}",0101000020E610000074B0DEA6255A4DC0CB05E3E5506E41C0
28287682,Punto de Conex. Cruz,ACRZ,S,AT Geografico,ITUZAINGO                                                                                                                                            ,"{""type"":""Point"",""coordinates"":[-58.6688636127782,-34.6199601392927]}",0101000020E6100000F92EA7529D554DC0FE8A95DA5A4F41C0
28287683,Punto de Conex. Cruz,ACRZ,S,AT Geografico,ITUZAINGO                                                                                                                                            ,"{""type"":""Point"",""coordinates"":[-58.6774916894009,-34.612885985407]}",0101000020E6100000F7A4340CB8564DC0F3BF470C734E41C0
28287685,Punto de Conex. Cruz,ACRZ,S,AT Geografico,ITUZAINGO                                                                                                                                            ,"{""type"":""Point"",""coordinates"":[-58.6795023136673,-34.6135322695431]}",0101000020E6100000F7608BEEF9564DC0395DB439884E41C0
28300730,Punto de Conex. Cruz,ACRZ,S,AT Geografico,MERLO                                                                                                                                                ,"{""type"":""Point"",""coordinates"":[-58.7253140829832,-34.6552263299527]}",0101000020E6100000E0DE8417D75C4DC0FC4FD574DE5341C0
28333436,Punto de Conex. Cruz,ACRZ,S,AT Geografico,MERLO                                                                                                                                                ,"{""type"":""Point"",""coordinates"":[-58.7367026131417,-34.6641715597516]}",0101000020E610000021296F454C5E4DC07A08DC92035541C0
28333437,Punto de Conex. Cruz,ACRZ,S,AT Geografico,MERLO                                                                                                                                                ,"{""type"":""Point"",""coordinates"":[-58.72881795445,-34.6557788017221]}",0101000020E6100000D38C1FE8495D4DC03A674D8FF05341C0
28333438,Punto de Conex. Cruz,ACRZ,S,AT Geografico,MERLO                                                                                                                                                ,"{""type"":""Point"",""coordinates"":[-58.7176471855737,-34.6523096661746]}",0101000020E6100000820DECDCDB5B4DC0D58A15E27E5341C0
28333439,Punto de Conex. Cruz,ACRZ,S,AT Geografico,MERLO                                                                                                                                                ,"{""type"":""Point"",""coordinates"":[-58.7133419000934,-34.6479873127398]}",0101000020E610000043E291C94E5B4DC059388E3FF15241C0
28333440,Punto de Conex. Cruz,ACRZ,S,AT Geografico,ITUZAINGO                                                                                                                                            ,"{""type"":""Point"",""coordinates"":[-58.6996778230138,-34.6381726058279]}",0101000020E610000056CAFB0A8F594DC0EB9DD3A3AF5141C0
28333441,Punto de Conex. Cruz,ACRZ,S,AT Geografico,ITUZAINGO                                                                                                                                            ,"{""type"":""Point"",""coordinates"":[-58.6971328355126,-34.6358913709621]}",0101000020E610000049BF14A63B594DC0A60B71E3645141C0
28333442,Punto de Conex. Cruz,ACRZ,S,AT Geografico,ITUZAINGO                                                                                                                                            ,"{""type"":""Point"",""coordinates"":[-58.6910441502431,-34.6401682790069]}",0101000020E610000069B17C2274584DC0BB22BF08F15141C0
28333443,Punto de Conex. Cruz,ACRZ,S,AT Geografico,ITUZAINGO                                                                                                                                            ,"{""type"":""Point"",""coordinates"":[-58.6897752328768,-34.6393770884854]}",0101000020E6100000FB65098E4A584DC09C6DC21BD75141C0
28333444,Punto de Conex. Cruz,ACRZ,S,AT Geografico,ITUZAINGO                                                                                                                                            ,"{""type"":""Point"",""coordinates"":[-58.6839561634564,-34.6335990663709]}",0101000020E6100000B3F824E08B574DC0656B32C6195141C0
28337086,Punto de Conex. Cruz,ACRZ,S,AT Geografico,MERLO                                                                                                                                                ,"{""type"":""Point"",""coordinates"":[-58.7337066907724,-34.6569996952421]}",0101000020E6100000A7DCD019EA5D4DC0F945E690185441C0
28337087,Punto de Conex. Cruz,ACRZ,S,AT Geografico,MERLO                                                                                                                                                ,"{""type"":""Point"",""coordinates"":[-58.7171251600903,-34.6566327952564]}",0101000020E610000005DDDAC1CA5B4DC0C18D1E8B0C5441C0
28337088,Punto de Conex. Cruz,ACRZ,S,AT Geografico,MERLO                                                                                                                                                ,"{""type"":""Point"",""coordinates"":[-58.7121245861065,-34.6490938955148]}",0101000020E61000009D0000E6265B4DC075A23E82155341C0
28337089,Punto de Conex. Cruz,ACRZ,S,AT Geografico,ITUZAINGO                                                                                                                                            ,"{""type"":""Point"",""coordinates"":[-58.6998461512546,-34.6384155057253]}",0101000020E61000005FEF058F94594DC0B92C6B99B75141C0
28337090,Punto de Conex. Cruz,ACRZ,S,AT Geografico,ITUZAINGO                                                                                                                                            ,"{""type"":""Point"",""coordinates"":[-58.666545220006,-34.6287173044427]}",0101000020E61000008A9D905A51554DC05E8102CF795041C0
28337260,Punto de Conex. Cruz,ACRZ,S,AT Geografico,MERLO                                                                                                                                                ,"{""type"":""Point"",""coordinates"":[-58.7346893978994,-34.6612830845735]}",0101000020E610000012595C4D0A5E4DC018D292ECA45441C0
28390102,Punto de Conex. Cruz,ACRZ,S,AT Geografico,MERLO                                                                                                                                                ,"{""type"":""Point"",""coordinates"":[-58.7452230556136,-34.6597157314409]}",0101000020E6100000F40A1678635F4DC00499A990715441C0
28390103,Punto de Conex. Cruz,ACRZ,S,AT Geografico,MORENO                                                                                                                                               ,"{""type"":""Point"",""coordinates"":[-58.7498180788397,-34.6529911402003]}",0101000020E61000007648EF09FA5F4DC078DEB336955341C0
28390104,Punto de Conex. Cruz,ACRZ,S,AT Geografico,MORENO                                                                                                                                               ,"{""type"":""Point"",""coordinates"":[-58.7450606771456,-34.6498100731092]}",0101000020E61000001BF0F4255E5F4DC0C54EFAF92C5341C0
28390159,Punto de Conex. Cruz,ACRZ,S,AT Geografico,MORENO                                                                                                                                               ,"{""type"":""Point"",""coordinates"":[-58.7426006734096,-34.6491746838088]}",0101000020E61000000E24F3890D5F4DC0C42CF227185341C0
28406114,Punto de Conex. Cruz,ACRZ,S,AT Geografico,ITUZAINGO                                                                                                                                            ,"{""type"":""Point"",""coordinates"":[-58.671907215451,-34.6803311543711]}",0101000020E61000007E273E0E01564DC09F3C5D17155741C0
28406172,Punto de Conex. Cruz,ACRZ,S,AT Geografico,ITUZAINGO                                                                                                                                            ,"{""type"":""Point"",""coordinates"":[-58.6928600082789,-34.6629575496725]}",0101000020E6100000CF2102A3AF584DC06C3D01CBDB5441C0
28406853,Punto de Conex. Cruz,ACRZ,S,AT Geografico,"","{""type"":""Point"",""coordinates"":[-58.6855044006069,-34.6674800765787]}",0101000020E61000006EEFB29BBE574DC08DD1B5FC6F5541C0
28406854,Punto de Conex. Cruz,ACRZ,S,AT Geografico,ITUZAINGO                                                                                                                                            ,"{""type"":""Point"",""coordinates"":[-58.6708997896314,-34.6795320269651]}",0101000020E610000013AE570BE0554DC02D33CCE7FA5641C0
28442968,Punto de Conex. Cruz,ACRZ,S,AT Geografico,ITUZAINGO                                                                                                                                            ,"{""type"":""Point"",""coordinates"":[-58.6847111825866,-34.6668293857362]}",0101000020E61000001635B49DA4574DC0DBDF51AA5A5541C0
28481482,Punto de Conex. Cruz,ACRZ,S,AT Geografico,SANMIGUEL                                                                                                                                            ,"{""type"":""Point"",""coordinates"":[-58.7513966062756,-34.5515030947896]}",0101000020E6100000B52395C32D604DC0D2E145A7974641C0
28551868,Punto de Conex. Cruz,ACRZ,S,AT Geografico,SANMIGUEL                                                                                                                                            ,"{""type"":""Point"",""coordinates"":[-58.738233206368,-34.5606454821367]}",0101000020E61000000016FB6C7E5E4DC0B5362D3BC34741C0
29293187,Punto de Conex. Cruz,ACRZ,S,AT Geografico,TIGRE                                                                                                                                                ,"{""type"":""Point"",""coordinates"":[-58.5809566159066,-34.4290863896312]}",0101000020E610000056DB50C95C4A4DC0F24F854DEC3641C0
29293200,Punto de Conex. Cruz,ACRZ,S,AT Geografico,TIGRE                                                                                                                                                ,"{""type"":""Point"",""coordinates"":[-58.5836357202707,-34.4329030973536]}",0101000020E610000081AB4593B44A4DC048BC625E693741C0
29318033,Punto de Conex. Cruz,ACRZ,S,AT Geografico,PILAR                                                                                                                                                ,"{""type"":""Point"",""coordinates"":[-58.770195526971,-34.4523474608078]}",0101000020E6100000D6EE5BC495624DC08C4C8785E63941C0
29318034,Punto de Conex. Cruz,ACRZ,S,AT Geografico,PILAR                                                                                                                                                ,"{""type"":""Point"",""coordinates"":[-58.7827311078198,-34.4590714621286]}",0101000020E6100000EFD26E8830644DC03D2F8ADAC23A41C0
29318035,Punto de Conex. Cruz,ACRZ,S,AT Geografico,PILAR                                                                                                                                                ,"{""type"":""Point"",""coordinates"":[-58.7826728412039,-34.4607750338505]}",0101000020E61000001638A89F2E644DC0BA9922ADFA3A41C0
29318116,Punto de Conex. Cruz,ACRZ,S,AT Geografico,MALVINASARGENTINAS                                                                                                                                   ,"{""type"":""Point"",""coordinates"":[-58.7603363708922,-34.4712814201953]}",0101000020E61000008378C3B352614DC0C87917F3523C41C0
29453135,Punto de Conex. Cruz,ACRZ,S,AT Geografico,MALVINASARGENTINAS                                                                                                                                   ,"{""type"":""Point"",""coordinates"":[-58.7243142158258,-34.5074596826036]}",0101000020E6100000F27F0654B65C4DC017695A70F44041C0
29600051,Punto de Conex. Cruz,ACRZ,S,AT Geografico,TIGRE                                                                                                                                                ,"{""type"":""Point"",""coordinates"":[-58.6171598124859,-34.4844271984996]}",0101000020E61000002484BD17FF4E4DC09C6CDFB5013E41C0
29600052,Punto de Conex. Cruz,ACRZ,S,AT Geografico,TIGRE                                                                                                                                                ,"{""type"":""Point"",""coordinates"":[-58.616925476718,-34.4843873195344]}",0101000020E61000005B49FD69F74E4DC0A4FF5767003E41C0
30164843,Punto de Conex. Cruz,ACRZ,S,AT Geografico,LAMATANZA                                                                                                                                            ,"{""type"":""Point"",""coordinates"":[-58.6052626293656,-34.770895669905]}",0101000020E6100000E64EEF3E794D4DC05D6F95B5AC6241C0
